date,year,month,park_type,raw_visitor_counts,raw_visitor_counts_monthly_total,fraction_to_monthly_total
2018-01-01,2018,1,Buildings/Institutions,26533,345785,7.673265179229868
2018-01-01,2018,1,Cemetery,96,345785,0.027762916262995794
2018-01-01,2018,1,Community Park,45695,345785,13.214858944141591
2018-01-01,2018,1,Flagship Park,57164,345785,16.53165984643637
2018-01-01,2018,1,Garden,6351,345785,1.8366904290238153
2018-01-01,2018,1,Historic House Park,1152,345785,0.3331549951559495
2018-01-01,2018,1,Jointly Operated Playground,38624,345785,11.169946643145307
2018-01-01,2018,1,Lot,149,345785,0.043090359616524715
2018-01-01,2018,1,Nature Area,9459,345785,2.7355148430383043
2018-01-01,2018,1,Neighborhood Park,71297,345785,20.618881675029282
2018-01-01,2018,1,Parkway,3202,345785,0.9260089361886721
2018-01-01,2018,1,Playground,38223,345785,11.053978628338418
2018-01-01,2018,1,Recreation Field/Courts,11425,345785,3.304076232340906
2018-01-01,2018,1,School Yard to Playground,1125,345785,0.32534667495698194
2018-01-01,2018,1,Strip,380,345785,0.10989487687435835
2018-01-01,2018,1,Triangle/Plaza,30806,345785,8.909004149977587
2018-01-01,2018,1,Undeveloped,3406,345785,0.9850051332475382
2018-01-01,2018,1,Waterfront Facility,698,345785,0.2018595369955319
2018-02-01,2018,2,Buildings/Institutions,27956,379060,7.375085738405529
2018-02-01,2018,2,Cemetery,122,379060,0.032184878383369385
2018-02-01,2018,2,Community Park,50441,379060,13.306864348651928
2018-02-01,2018,2,Flagship Park,56682,379060,14.953305545296258
2018-02-01,2018,2,Garden,7036,379060,1.856170527093336
2018-02-01,2018,2,Historic House Park,1360,379060,0.358782250831003
2018-02-01,2018,2,Jointly Operated Playground,42147,379060,11.118820239539914
2018-02-01,2018,2,Lot,166,379060,0.043792539439666545
2018-02-01,2018,2,Nature Area,9005,379060,2.375613359362634
2018-02-01,2018,2,Neighborhood Park,80978,379060,21.362844932200705
2018-02-01,2018,2,Parkway,3472,379060,0.9159499815332666
2018-02-01,2018,2,Playground,44268,379060,11.678362264549149
2018-02-01,2018,2,Recreation Field/Courts,13294,379060,3.507096501873054
2018-02-01,2018,2,School Yard to Playground,1095,379060,0.28887247401466787
2018-02-01,2018,2,Strip,512,379060,0.13507096501873056
2018-02-01,2018,2,Triangle/Plaza,35935,379060,9.480029546773599
2018-02-01,2018,2,Undeveloped,3824,379060,1.0088112699836438
2018-02-01,2018,2,Waterfront Facility,767,379060,0.2023426370495436
2018-03-01,2018,3,Buildings/Institutions,43383,589663,7.357253210732232
2018-03-01,2018,3,Cemetery,184,589663,0.031204264130528795
2018-03-01,2018,3,Community Park,79388,589663,13.463283265187066
2018-03-01,2018,3,Flagship Park,102397,589663,17.36534257703129
2018-03-01,2018,3,Garden,11516,589663,1.9529799224302695
2018-03-01,2018,3,Historic House Park,2035,589663,0.34511237774796794
2018-03-01,2018,3,Jointly Operated Playground,64224,589663,10.891644888690658
2018-03-01,2018,3,Lot,308,589663,0.052233224740232974
2018-03-01,2018,3,Nature Area,13754,589663,2.3325187437570274
2018-03-01,2018,3,Neighborhood Park,121702,589663,20.639246484856606
2018-03-01,2018,3,Parkway,5099,589663,0.8647312108780778
2018-03-01,2018,3,Playground,68185,589663,11.563384509457096
2018-03-01,2018,3,Recreation Field/Courts,19920,589663,3.3782007689137696
2018-03-01,2018,3,School Yard to Playground,1678,589663,0.28456932179906147
2018-03-01,2018,3,Strip,730,589663,0.12379952617003272
2018-03-01,2018,3,Triangle/Plaza,47908,589663,8.124640684594421
2018-03-01,2018,3,Undeveloped,6152,589663,1.0433077876685497
2018-03-01,2018,3,Waterfront Facility,1100,589663,0.1865472312151178
2018-04-01,2018,4,Buildings/Institutions,63470,892882,7.108442100971909
2018-04-01,2018,4,Cemetery,268,892882,0.030015164377823724
2018-04-01,2018,4,Community Park,143313,892882,16.050609151041233
2018-04-01,2018,4,Flagship Park,170127,892882,19.0536935451717
2018-04-01,2018,4,Garden,15314,892882,1.7151202510522108
2018-04-01,2018,4,Historic House Park,2791,892882,0.3125832976809926
2018-04-01,2018,4,Jointly Operated Playground,88506,892882,9.912396038894277
2018-04-01,2018,4,Lot,614,892882,0.06876608555217822
2018-04-01,2018,4,Nature Area,21015,892882,2.3536144753730057
2018-04-01,2018,4,Neighborhood Park,176834,892882,19.804856632791342
2018-04-01,2018,4,Parkway,6515,892882,0.7296596862743341
2018-04-01,2018,4,Playground,97790,892882,10.952175091445454
2018-04-01,2018,4,Recreation Field/Courts,29317,892882,3.2834125897935005
2018-04-01,2018,4,School Yard to Playground,2082,892882,0.23317750833816786
2018-04-01,2018,4,Strip,985,892882,0.11031692877670285
2018-04-01,2018,4,Triangle/Plaza,63743,892882,7.1390172497597675
2018-04-01,2018,4,Undeveloped,8372,892882,0.9376378961609708
2018-04-01,2018,4,Waterfront Facility,1826,892882,0.20450630654442578
2018-05-01,2018,5,Buildings/Institutions,66505,986495,6.741544559272981
2018-05-01,2018,5,Cemetery,296,986495,0.030005220502891547
2018-05-01,2018,5,Community Park,165677,986495,16.794509855599877
2018-05-01,2018,5,Flagship Park,207505,986495,21.034571893420644
2018-05-01,2018,5,Garden,14857,986495,1.5060390574711477
2018-05-01,2018,5,Historic House Park,3031,986495,0.3072494031900821
2018-05-01,2018,5,Jointly Operated Playground,91215,986495,9.246372257335315
2018-05-01,2018,5,Lot,619,986495,0.0627474036867901
2018-05-01,2018,5,Nature Area,16644,986495,1.687185439358537
2018-05-01,2018,5,Neighborhood Park,192914,986495,19.555496986806826
2018-05-01,2018,5,Parkway,6688,986495,0.6779557929842523
2018-05-01,2018,5,Playground,99460,986495,10.082159564924302
2018-05-01,2018,5,Recreation Field/Courts,37107,986495,3.7614990445972865
2018-05-01,2018,5,School Yard to Playground,2252,986495,0.22828296139362084
2018-05-01,2018,5,Strip,922,986495,0.09346220710697976
2018-05-01,2018,5,Triangle/Plaza,69150,986495,7.009665533023482
2018-05-01,2018,5,Undeveloped,8011,986495,0.8120669643535953
2018-05-01,2018,5,Waterfront Facility,3642,986495,0.3691858549713886
2018-06-01,2018,6,Buildings/Institutions,65469,962960,6.79872476530697
2018-06-01,2018,6,Cemetery,265,962960,0.02751931544404752
2018-06-01,2018,6,Community Park,164568,962960,17.08980643017363
2018-06-01,2018,6,Flagship Park,204592,962960,21.24615768048517
2018-06-01,2018,6,Garden,13697,962960,1.4223851458004486
2018-06-01,2018,6,Historic House Park,3217,962960,0.3340741048433995
2018-06-01,2018,6,Jointly Operated Playground,86090,962960,8.940142892747362
2018-06-01,2018,6,Lot,564,962960,0.05856941098280302
2018-06-01,2018,6,Nature Area,19749,962960,2.0508640026584697
2018-06-01,2018,6,Neighborhood Park,191543,962960,19.89106504943092
2018-06-01,2018,6,Parkway,6434,962960,0.668148209686799
2018-06-01,2018,6,Playground,92339,962960,9.589079504860015
2018-06-01,2018,6,Recreation Field/Courts,28895,962960,3.000643848134917
2018-06-01,2018,6,School Yard to Playground,1980,962960,0.20561601728005316
2018-06-01,2018,6,Strip,793,962960,0.08235025338539503
2018-06-01,2018,6,Triangle/Plaza,68094,962960,7.071321757913101
2018-06-01,2018,6,Undeveloped,8069,962960,0.8379371936529035
2018-06-01,2018,6,Waterfront Facility,6602,962960,0.6855944172135914
2018-07-01,2018,7,Buildings/Institutions,72058,938879,7.67489740424485
2018-07-01,2018,7,Cemetery,254,938879,0.02705353938047395
2018-07-01,2018,7,Community Park,177146,938879,18.86782002792692
2018-07-01,2018,7,Flagship Park,182530,938879,19.44126985479492
2018-07-01,2018,7,Garden,13738,938879,1.4632343464919335
2018-07-01,2018,7,Historic House Park,2928,938879,0.31186127285837684
2018-07-01,2018,7,Jointly Operated Playground,78834,938879,8.39660914771765
2018-07-01,2018,7,Lot,660,938879,0.0702965983902079
2018-07-01,2018,7,Nature Area,16732,938879,1.782125279189331
2018-07-01,2018,7,Neighborhood Park,187382,938879,19.958056362960512
2018-07-01,2018,7,Parkway,6291,938879,0.6700543946557544
2018-07-01,2018,7,Playground,89526,938879,9.535414041639019
2018-07-01,2018,7,Recreation Field/Courts,26188,938879,2.7892838161254008
2018-07-01,2018,7,School Yard to Playground,1420,938879,0.1512441965365079
2018-07-01,2018,7,Strip,754,938879,0.08030853816093447
2018-07-01,2018,7,Triangle/Plaza,65719,938879,6.99973052970617
2018-07-01,2018,7,Undeveloped,7707,938879,0.8208725512020185
2018-07-01,2018,7,Waterfront Facility,9012,938879,0.9598680980190205
2018-08-01,2018,8,Buildings/Institutions,59394,875771,6.781909882834667
2018-08-01,2018,8,Cemetery,241,875771,0.027518609316819122
2018-08-01,2018,8,Community Park,156460,875771,17.865400886761492
2018-08-01,2018,8,Flagship Park,184701,875771,21.090102321268915
2018-08-01,2018,8,Garden,13055,875771,1.4906864922451188
2018-08-01,2018,8,Historic House Park,2477,875771,0.28283649492846874
2018-08-01,2018,8,Jointly Operated Playground,79999,875771,9.134693886872252
2018-08-01,2018,8,Lot,584,875771,0.06668409892540401
2018-08-01,2018,8,Nature Area,16275,875771,1.8583625171420384
2018-08-01,2018,8,Neighborhood Park,173064,875771,19.761330302099523
2018-08-01,2018,8,Parkway,5837,875771,0.6664984339513412
2018-08-01,2018,8,Playground,84783,875771,9.680955409576248
2018-08-01,2018,8,Recreation Field/Courts,24003,875771,2.740784976894645
2018-08-01,2018,8,School Yard to Playground,1460,875771,0.16671024731351006
2018-08-01,2018,8,Strip,738,875771,0.08426860446395233
2018-08-01,2018,8,Triangle/Plaza,58656,875771,6.697641278370716
2018-08-01,2018,8,Undeveloped,7318,875771,0.8356065683837441
2018-08-01,2018,8,Waterfront Facility,6726,875771,0.7680089886511428
2018-09-01,2018,9,Buildings/Institutions,48686,830269,5.8638826693517405
2018-09-01,2018,9,Cemetery,245,830269,0.02950850868814806
2018-09-01,2018,9,Community Park,132521,830269,15.961212570865587
2018-09-01,2018,9,Flagship Park,169729,830269,20.44265171890074
2018-09-01,2018,9,Garden,13200,830269,1.5898461823818548
2018-09-01,2018,9,Historic House Park,2466,830269,0.2970121731631556
2018-09-01,2018,9,Jointly Operated Playground,89314,830269,10.757236510094922
2018-09-01,2018,9,Lot,533,830269,0.0641960617582976
2018-09-01,2018,9,Nature Area,16132,830269,1.942984743498794
2018-09-01,2018,9,Neighborhood Park,173552,830269,20.903104897328458
2018-09-01,2018,9,Parkway,5796,830269,0.6980870055367597
2018-09-01,2018,9,Playground,83136,830269,10.01314031958317
2018-09-01,2018,9,Recreation Field/Courts,24679,830269,2.9724101465910446
2018-09-01,2018,9,School Yard to Playground,1956,830269,0.2355862979347657
2018-09-01,2018,9,Strip,688,830269,0.08286471011202393
2018-09-01,2018,9,Triangle/Plaza,56466,830269,6.8009283738161965
2018-09-01,2018,9,Undeveloped,7330,830269,0.882846402792348
2018-09-01,2018,9,Waterfront Facility,3840,830269,0.4625007076019941
2018-10-01,2018,10,Buildings/Institutions,46232,818699,5.647008241124028
2018-10-01,2018,10,Cemetery,284,818699,0.034689183692663605
2018-10-01,2018,10,Community Park,126128,818699,15.405906199958716
2018-10-01,2018,10,Flagship Park,124171,818699,15.166868409513143
2018-10-01,2018,10,Garden,13651,818699,1.6674015724948972
2018-10-01,2018,10,Historic House Park,2630,818699,0.32124138419614534
2018-10-01,2018,10,Jointly Operated Playground,120857,818699,14.762079836423398
2018-10-01,2018,10,Lot,506,818699,0.06180537657918233
2018-10-01,2018,10,Nature Area,16831,818699,2.055822713842328
2018-10-01,2018,10,Neighborhood Park,178559,818699,21.810091376684227
2018-10-01,2018,10,Parkway,6316,818699,0.7714679021227582
2018-10-01,2018,10,Playground,89501,818699,10.932100808722131
2018-10-01,2018,10,Recreation Field/Courts,24941,818699,3.046418769291278
2018-10-01,2018,10,School Yard to Playground,2232,818699,0.2726276690212154
2018-10-01,2018,10,Strip,732,818699,0.08941014951771042
2018-10-01,2018,10,Triangle/Plaza,55722,818699,6.806164414516203
2018-10-01,2018,10,Undeveloped,7646,818699,0.933920769415866
2018-10-01,2018,10,Waterfront Facility,1760,818699,0.2149752228841125
2018-11-01,2018,11,Buildings/Institutions,42422,863274,4.914082898361354
2018-11-01,2018,11,Cemetery,284,863274,0.03289801384033343
2018-11-01,2018,11,Community Park,130054,863274,15.065205253488465
2018-11-01,2018,11,Flagship Park,104142,863274,12.063609004788747
2018-11-01,2018,11,Garden,13210,863274,1.5302209958831148
2018-11-01,2018,11,Historic House Park,2601,863274,0.30129483802361706
2018-11-01,2018,11,Jointly Operated Playground,166189,863274,19.25101416236328
2018-11-01,2018,11,Lot,427,863274,0.04946285883740272
2018-11-01,2018,11,Nature Area,16421,863274,1.9021770608173072
2018-11-01,2018,11,Neighborhood Park,206244,863274,23.890908332696224
2018-11-01,2018,11,Parkway,6615,863274,0.7662688787105831
2018-11-01,2018,11,Playground,90199,863274,10.44847869853604
2018-11-01,2018,11,Recreation Field/Courts,22548,863274,2.61191695799943
2018-11-01,2018,11,School Yard to Playground,2276,863274,0.26364746303027775
2018-11-01,2018,11,Strip,733,863274,0.08490931036959297
2018-11-01,2018,11,Triangle/Plaza,50701,863274,5.873106337037835
2018-11-01,2018,11,Undeveloped,6728,863274,0.779358581400575
2018-11-01,2018,11,Waterfront Facility,1480,863274,0.1714403538158221
2018-12-01,2018,12,Buildings/Institutions,48355,810820,5.963715744554895
2018-12-01,2018,12,Cemetery,232,810820,0.02861300905256407
2018-12-01,2018,12,Community Park,98325,810820,12.126612565057595
2018-12-01,2018,12,Flagship Park,100330,810820,12.373893095878246
2018-12-01,2018,12,Garden,11703,810820,1.4433536419920574
2018-12-01,2018,12,Historic House Park,5975,810820,0.7369083150390963
2018-12-01,2018,12,Jointly Operated Playground,118186,810820,14.57610813744111
2018-12-01,2018,12,Lot,357,810820,0.04402950099898868
2018-12-01,2018,12,Nature Area,17004,810820,2.097136232456032
2018-12-01,2018,12,Neighborhood Park,245719,810820,30.304999876668067
2018-12-01,2018,12,Parkway,10511,810820,1.2963419747909524
2018-12-01,2018,12,Playground,69490,810820,8.570336202856367
2018-12-01,2018,12,Recreation Field/Courts,19509,810820,2.406082731062381
2018-12-01,2018,12,School Yard to Playground,1926,810820,0.23753730791051036
2018-12-01,2018,12,Strip,711,810820,0.08768900619126317
2018-12-01,2018,12,Triangle/Plaza,55113,810820,6.797192965146396
2018-12-01,2018,12,Undeveloped,5931,810820,0.7314817098739548
2018-12-01,2018,12,Waterfront Facility,1443,810820,0.17796798302952568
2019-01-01,2019,1,Buildings/Institutions,37353,636192,5.871340727327599
2019-01-01,2019,1,Cemetery,200,636192,0.03143705045017856
2019-01-01,2019,1,Community Park,101903,636192,16.01764876012273
2019-01-01,2019,1,Flagship Park,78885,636192,12.399558623811679
2019-01-01,2019,1,Garden,11220,636192,1.7636185302550174
2019-01-01,2019,1,Historic House Park,2847,636192,0.4475064131582918
2019-01-01,2019,1,Jointly Operated Playground,114383,636192,17.979320708213873
2019-01-01,2019,1,Lot,310,636192,0.04872742819777677
2019-01-01,2019,1,Nature Area,15482,636192,2.4335420753483223
2019-01-01,2019,1,Neighborhood Park,132361,636192,20.805197173180424
2019-01-01,2019,1,Parkway,4578,636192,0.7195940848045873
2019-01-01,2019,1,Playground,65837,636192,10.348605452442031
2019-01-01,2019,1,Recreation Field/Courts,18031,636192,2.8342072833358483
2019-01-01,2019,1,School Yard to Playground,1881,636192,0.29566545948392936
2019-01-01,2019,1,Strip,561,636192,0.08818092651275088
2019-01-01,2019,1,Triangle/Plaza,43977,636192,6.912535838237513
2019-01-01,2019,1,Undeveloped,5292,636192,0.8318243549117248
2019-01-01,2019,1,Waterfront Facility,1091,636192,0.17148911020572405
2019-02-01,2019,2,Buildings/Institutions,34665,703862,4.924971088082607
2019-02-01,2019,2,Cemetery,216,703862,0.030687833694673105
2019-02-01,2019,2,Community Park,110885,703862,15.753798329786237
2019-02-01,2019,2,Flagship Park,78696,703862,11.180600742759234
2019-02-01,2019,2,Garden,10007,703862,1.421727554549045
2019-02-01,2019,2,Historic House Park,2036,703862,0.2892612472331224
2019-02-01,2019,2,Jointly Operated Playground,115960,703862,16.474820348306913
2019-02-01,2019,2,Lot,302,703862,0.042906137850885546
2019-02-01,2019,2,Nature Area,15530,703862,2.2063984133253394
2019-02-01,2019,2,Neighborhood Park,155123,703862,22.038837158420257
2019-02-01,2019,2,Parkway,4327,703862,0.6147511870224561
2019-02-01,2019,2,Playground,75559,703862,10.734916787665764
2019-02-01,2019,2,Recreation Field/Courts,25637,703862,3.642333298288585
2019-02-01,2019,2,School Yard to Playground,1714,703862,0.24351364329939676
2019-02-01,2019,2,Strip,510,703862,0.07245738511242261
2019-02-01,2019,2,Triangle/Plaza,66822,703862,9.493622329377066
2019-02-01,2019,2,Undeveloped,4874,703862,0.6924652843881329
2019-02-01,2019,2,Waterfront Facility,999,703862,0.1419312308378631
2019-03-01,2019,3,Buildings/Institutions,49062,742166,6.610650447474015
2019-03-01,2019,3,Cemetery,213,742166,0.028699778755696164
2019-03-01,2019,3,Community Park,115160,742166,15.516744232422397
2019-03-01,2019,3,Flagship Park,107889,742166,14.537044273114102
2019-03-01,2019,3,Garden,10799,742166,1.4550653088392624
2019-03-01,2019,3,Historic House Park,2284,742166,0.30774786233807533
2019-03-01,2019,3,Jointly Operated Playground,83078,742166,11.19399164068416
2019-03-01,2019,3,Lot,386,742166,0.052009927698116055
2019-03-01,2019,3,Nature Area,18457,742166,2.486909936591005
2019-03-01,2019,3,Neighborhood Park,163120,742166,21.97891037854065
2019-03-01,2019,3,Parkway,6133,742166,0.8263649911205848
2019-03-01,2019,3,Playground,76301,742166,10.280853609569826
2019-03-01,2019,3,Recreation Field/Courts,24488,742166,3.2995313716877352
2019-03-01,2019,3,School Yard to Playground,1904,742166,0.25654637911195066
2019-03-01,2019,3,Strip,676,742166,0.09108474384436906
2019-03-01,2019,3,Triangle/Plaza,74456,742166,10.032256934432459
2019-03-01,2019,3,Undeveloped,6215,742166,0.8374137322378011
2019-03-01,2019,3,Waterfront Facility,1545,742166,0.20817445153779612
2019-04-01,2019,4,Buildings/Institutions,55594,875191,6.3522134025601265
2019-04-01,2019,4,Cemetery,255,875191,0.029136497061784228
2019-04-01,2019,4,Community Park,141024,875191,16.113511222121797
2019-04-01,2019,4,Flagship Park,160028,875191,18.284922948247868
2019-04-01,2019,4,Garden,11343,875191,1.2960599457718371
2019-04-01,2019,4,Historic House Park,2904,875191,0.3318132841859663
2019-04-01,2019,4,Jointly Operated Playground,100309,875191,11.461383857923584
2019-04-01,2019,4,Lot,434,875191,0.04958917539142885
2019-04-01,2019,4,Nature Area,18061,875191,2.063663817383863
2019-04-01,2019,4,Neighborhood Park,188912,875191,21.585231109552087
2019-04-01,2019,4,Parkway,6470,875191,0.7392671999597802
2019-04-01,2019,4,Playground,90733,875191,10.367222697673993
2019-04-01,2019,4,Recreation Field/Courts,25982,875191,2.9687233986638346
2019-04-01,2019,4,School Yard to Playground,1877,875191,0.2144674705292902
2019-04-01,2019,4,Strip,696,875191,0.07952549786275225
2019-04-01,2019,4,Triangle/Plaza,61498,875191,7.026809005120025
2019-04-01,2019,4,Undeveloped,6990,875191,0.7986828018112617
2019-04-01,2019,4,Waterfront Facility,2081,875191,0.23777666817871757
2019-05-01,2019,5,Buildings/Institutions,50609,1014098,4.990543320270822
2019-05-01,2019,5,Cemetery,264,1014098,0.026032986949979194
2019-05-01,2019,5,Community Park,180457,1014098,17.79482850769847
2019-05-01,2019,5,Flagship Park,169392,1014098,16.70371108117756
2019-05-01,2019,5,Garden,11842,1014098,1.1677372403850517
2019-05-01,2019,5,Historic House Park,3064,1014098,0.3021404242982434
2019-05-01,2019,5,Jointly Operated Playground,122020,1014098,12.03236768044114
2019-05-01,2019,5,Lot,506,1014098,0.04989655832079345
2019-05-01,2019,5,Nature Area,19292,1014098,1.9023802433295403
2019-05-01,2019,5,Neighborhood Park,221968,1014098,21.888219876185534
2019-05-01,2019,5,Parkway,6600,1014098,0.6508246737494798
2019-05-01,2019,5,Playground,100813,1014098,9.941149671925197
2019-05-01,2019,5,Recreation Field/Courts,43721,1014098,4.311319024394092
2019-05-01,2019,5,School Yard to Playground,2116,1014098,0.20865833479604534
2019-05-01,2019,5,Strip,742,1014098,0.07316847089729
2019-05-01,2019,5,Triangle/Plaza,69309,1014098,6.834546562561015
2019-05-01,2019,5,Undeveloped,7296,1014098,0.7194570938903341
2019-05-01,2019,5,Waterfront Facility,4087,1014098,0.4030182487294127
2019-06-01,2019,6,Buildings/Institutions,57123,989639,5.77210477760072
2019-06-01,2019,6,Cemetery,259,989639,0.026171159382360636
2019-06-01,2019,6,Community Park,176005,989639,17.784767981051676
2019-06-01,2019,6,Flagship Park,209872,989639,21.20692494940074
2019-06-01,2019,6,Garden,11557,989639,1.1677995713588492
2019-06-01,2019,6,Historic House Park,3278,989639,0.3312318936501088
2019-06-01,2019,6,Jointly Operated Playground,101369,989639,10.243028013245233
2019-06-01,2019,6,Lot,498,989639,0.050321379816276435
2019-06-01,2019,6,Nature Area,20735,989639,2.0952084548001846
2019-06-01,2019,6,Neighborhood Park,201004,989639,20.3108406196603
2019-06-01,2019,6,Parkway,6596,989639,0.6665056651971073
2019-06-01,2019,6,Playground,95638,989639,9.663927957568367
2019-06-01,2019,6,Recreation Field/Courts,28447,989639,2.874482513320514
2019-06-01,2019,6,School Yard to Playground,2029,989639,0.20502425631972873
2019-06-01,2019,6,Strip,699,989639,0.07063181624814704
2019-06-01,2019,6,Triangle/Plaza,58820,989639,5.943581447376266
2019-06-01,2019,6,Undeveloped,7536,989639,0.7614897957740145
2019-06-01,2019,6,Waterfront Facility,8174,989639,0.8259577482294049
2019-07-01,2019,7,Buildings/Institutions,62443,936423,6.668247148991428
2019-07-01,2019,7,Cemetery,223,936423,0.023814024217687947
2019-07-01,2019,7,Community Park,170203,936423,18.175867102794356
2019-07-01,2019,7,Flagship Park,196820,936423,21.018279132400636
2019-07-01,2019,7,Garden,10551,936423,1.1267343924700695
2019-07-01,2019,7,Historic House Park,2875,936423,0.3070193705195195
2019-07-01,2019,7,Jointly Operated Playground,77551,936423,8.281620592403218
2019-07-01,2019,7,Lot,475,936423,0.050724939477138006
2019-07-01,2019,7,Nature Area,19068,936423,2.036259254631721
2019-07-01,2019,7,Neighborhood Park,185842,936423,19.845945689074277
2019-07-01,2019,7,Parkway,6301,936423,0.6728796708325191
2019-07-01,2019,7,Playground,90276,936423,9.64051502365918
2019-07-01,2019,7,Recreation Field/Courts,27038,936423,2.887370344384963
2019-07-01,2019,7,School Yard to Playground,1300,936423,0.13882615014795666
2019-07-01,2019,7,Strip,549,936423,0.05862735110094477
2019-07-01,2019,7,Triangle/Plaza,67049,936423,7.160118877900265
2019-07-01,2019,7,Undeveloped,7043,936423,0.752117365763122
2019-07-01,2019,7,Waterfront Facility,10816,936423,1.1550335692309992
2019-08-01,2019,8,Buildings/Institutions,54858,1256910,4.3645129722891856
2019-08-01,2019,8,Cemetery,231,1256910,0.01837840418168365
2019-08-01,2019,8,Community Park,174267,1256910,13.864715850776903
2019-08-01,2019,8,Flagship Park,219442,1256910,17.458847491069367
2019-08-01,2019,8,Garden,10794,1256910,0.8587727044895817
2019-08-01,2019,8,Historic House Park,2925,1256910,0.23271355944339692
2019-08-01,2019,8,Jointly Operated Playground,88040,1256910,7.00447923876809
2019-08-01,2019,8,Lot,610,1256910,0.048531716670246874
2019-08-01,2019,8,Nature Area,25548,1256910,2.0326037663794545
2019-08-01,2019,8,Neighborhood Park,386279,1256910,30.732431120764414
2019-08-01,2019,8,Parkway,5497,1256910,0.43734237137106075
2019-08-01,2019,8,Playground,151019,1256910,12.01510052430166
2019-08-01,2019,8,Recreation Field/Courts,36312,1256910,2.8889896651311546
2019-08-01,2019,8,School Yard to Playground,1334,1256910,0.10613329514444153
2019-08-01,2019,8,Strip,582,1256910,0.04630403131489128
2019-08-01,2019,8,Triangle/Plaza,84308,1256910,6.707560604975694
2019-08-01,2019,8,Undeveloped,6585,1256910,0.5239038594648782
2019-08-01,2019,8,Waterfront Facility,8279,1256910,0.6586788234638916
2019-09-01,2019,9,Buildings/Institutions,43952,1308254,3.359592250434549
2019-09-01,2019,9,Cemetery,244,1308254,0.018650812456908215
2019-09-01,2019,9,Community Park,223602,1308254,17.091635110613076
2019-09-01,2019,9,Flagship Park,193910,1308254,14.822045260324066
2019-09-01,2019,9,Garden,12413,1308254,0.9488218648672199
2019-09-01,2019,9,Historic House Park,3124,1308254,0.2387915496532019
2019-09-01,2019,9,Jointly Operated Playground,122493,1308254,9.363090042147778
2019-09-01,2019,9,Lot,471,1308254,0.03600218306231053
2019-09-01,2019,9,Nature Area,25787,1308254,1.971100413222509
2019-09-01,2019,9,Neighborhood Park,360471,1308254,27.553594332599022
2019-09-01,2019,9,Parkway,10022,1308254,0.7660591903407137
2019-09-01,2019,9,Playground,143899,1308254,10.999316646461619
2019-09-01,2019,9,Recreation Field/Courts,35498,1308254,2.7133874614562616
2019-09-01,2019,9,School Yard to Playground,2126,1308254,0.16250666919420848
2019-09-01,2019,9,Strip,732,1308254,0.05595243737072464
2019-09-01,2019,9,Triangle/Plaza,116864,1308254,8.932821913787384
2019-09-01,2019,9,Undeveloped,8178,1308254,0.6251079683303089
2019-09-01,2019,9,Waterfront Facility,4468,1308254,0.34152389367813896
2019-10-01,2019,10,Buildings/Institutions,42911,921422,4.657040964943316
2019-10-01,2019,10,Cemetery,184,921422,0.01996913466359605
2019-10-01,2019,10,Community Park,128615,921422,13.958316601947859
2019-10-01,2019,10,Flagship Park,118274,921422,12.836029528272604
2019-10-01,2019,10,Garden,11124,921422,1.2072644239013177
2019-10-01,2019,10,Historic House Park,2624,921422,0.28477722476780454
2019-10-01,2019,10,Jointly Operated Playground,155506,921422,16.876740516288955
2019-10-01,2019,10,Lot,439,921422,0.04764375063760145
2019-10-01,2019,10,Nature Area,16972,921422,1.841935616905175
2019-10-01,2019,10,Neighborhood Park,169114,921422,18.353588258148818
2019-10-01,2019,10,Parkway,6566,921422,0.7125942293541939
2019-10-01,2019,10,Playground,128696,921422,13.967107362316073
2019-10-01,2019,10,Recreation Field/Courts,45203,921422,4.905786924992023
2019-10-01,2019,10,School Yard to Playground,2050,921422,0.2224822068498473
2019-10-01,2019,10,Strip,791,921422,0.08584557347230694
2019-10-01,2019,10,Triangle/Plaza,82654,921422,8.970265524374282
2019-10-01,2019,10,Undeveloped,7699,921422,0.8355563466034022
2019-10-01,2019,10,Waterfront Facility,2000,921422,0.21705581156082665
2019-11-01,2019,11,Buildings/Institutions,39841,616110,6.466540065897323
2019-11-01,2019,11,Cemetery,164,616110,0.026618623297787736
2019-11-01,2019,11,Community Park,86428,616110,14.028014477934136
2019-11-01,2019,11,Flagship Park,93696,616110,15.207673954326337
2019-11-01,2019,11,Garden,9233,616110,1.4985960299297203
2019-11-01,2019,11,Historic House Park,2906,616110,0.471669020142507
2019-11-01,2019,11,Jointly Operated Playground,70998,616110,11.523591566441057
2019-11-01,2019,11,Lot,245,616110,0.03976562626803655
2019-11-01,2019,11,Nature Area,15433,616110,2.504909837529013
2019-11-01,2019,11,Neighborhood Park,141860,616110,23.02510915258639
2019-11-01,2019,11,Parkway,5360,616110,0.8699745175374527
2019-11-01,2019,11,Playground,69702,616110,11.313239518917076
2019-11-01,2019,11,Recreation Field/Courts,21799,616110,3.538166885783383
2019-11-01,2019,11,School Yard to Playground,1947,616110,0.3160149973219068
2019-11-01,2019,11,Strip,758,616110,0.12302997841294573
2019-11-01,2019,11,Triangle/Plaza,48326,616110,7.843729204200549
2019-11-01,2019,11,Undeveloped,6004,616110,0.9745013065848631
2019-11-01,2019,11,Waterfront Facility,1410,616110,0.2288552368895165
2019-12-01,2019,12,Buildings/Institutions,46029,725842,6.341462742580341
2019-12-01,2019,12,Cemetery,182,725842,0.025074327470716765
2019-12-01,2019,12,Community Park,99971,725842,13.773107646016628
2019-12-01,2019,12,Flagship Park,105480,725842,14.532088250611015
2019-12-01,2019,12,Garden,9774,725842,1.3465740477955257
2019-12-01,2019,12,Historic House Park,4753,725842,0.6548257058698724
2019-12-01,2019,12,Jointly Operated Playground,75901,725842,10.456958952499305
2019-12-01,2019,12,Lot,274,725842,0.037749262236134035
2019-12-01,2019,12,Nature Area,18178,725842,2.504401784410381
2019-12-01,2019,12,Neighborhood Park,207003,725842,28.51901653527903
2019-12-01,2019,12,Parkway,5815,725842,0.8011385397924067
2019-12-01,2019,12,Playground,65267,725842,8.991901818853139
2019-12-01,2019,12,Recreation Field/Courts,20594,725842,2.8372565930326434
2019-12-01,2019,12,School Yard to Playground,1953,725842,0.2690668217049991
2019-12-01,2019,12,Strip,749,725842,0.10319050151410362
2019-12-01,2019,12,Triangle/Plaza,57030,725842,7.857081844258117
2019-12-01,2019,12,Undeveloped,5553,725842,0.7650425299169792
2019-12-01,2019,12,Waterfront Facility,1336,725842,0.18406209615866814
2020-01-01,2020,1,Buildings/Institutions,38897,685723,5.672407079826694
2020-01-01,2020,1,Cemetery,347,685723,0.05060352358022117
2020-01-01,2020,1,Community Park,102501,685723,14.947872537453168
2020-01-01,2020,1,Flagship Park,91195,685723,13.299101823914322
2020-01-01,2020,1,Garden,10537,685723,1.5366263053740359
2020-01-01,2020,1,Historic House Park,3820,685723,0.5570762538226076
2020-01-01,2020,1,Jointly Operated Playground,101424,685723,14.79081203343041
2020-01-01,2020,1,Lot,310,685723,0.04520775881806502
2020-01-01,2020,1,Nature Area,18300,685723,2.668716085066419
2020-01-01,2020,1,Neighborhood Park,149596,685723,21.815806090797597
2020-01-01,2020,1,Parkway,5826,685723,0.849614202819506
2020-01-01,2020,1,Playground,72634,685723,10.592323722552692
2020-01-01,2020,1,Recreation Field/Courts,29727,685723,4.335132407692319
2020-01-01,2020,1,School Yard to Playground,2209,685723,0.3221417394487278
2020-01-01,2020,1,Strip,628,685723,0.09158216947659624
2020-01-01,2020,1,Triangle/Plaza,51010,685723,7.43886379777257
2020-01-01,2020,1,Undeveloped,5457,685723,0.7958023866780026
2020-01-01,2020,1,Waterfront Facility,1305,685723,0.19031008147604792
2020-02-01,2020,2,Buildings/Institutions,42878,627142,6.837048068858409
2020-02-01,2020,2,Cemetery,428,627142,0.06824610694228739
2020-02-01,2020,2,Community Park,98355,627142,15.683051047450178
2020-02-01,2020,2,Flagship Park,87521,627142,13.955531602093304
2020-02-01,2020,2,Garden,9271,627142,1.4782935922008094
2020-02-01,2020,2,Historic House Park,2122,627142,0.33836037133535946
2020-02-01,2020,2,Jointly Operated Playground,78287,627142,12.483137790165545
2020-02-01,2020,2,Lot,284,627142,0.04528479993366733
2020-02-01,2020,2,Nature Area,18418,627142,2.9368149478108627
2020-02-01,2020,2,Neighborhood Park,127783,627142,20.375449260295117
2020-02-01,2020,2,Parkway,5007,627142,0.7983837791122266
2020-02-01,2020,2,Playground,82674,627142,13.182660386323992
2020-02-01,2020,2,Recreation Field/Courts,22862,627142,3.6454263946602206
2020-02-01,2020,2,School Yard to Playground,1935,627142,0.308542562928332
2020-02-01,2020,2,Strip,668,627142,0.10651495195665416
2020-02-01,2020,2,Triangle/Plaza,41661,627142,6.642993133931391
2020-02-01,2020,2,Undeveloped,5478,627142,0.8734863874529214
2020-02-01,2020,2,Waterfront Facility,1510,627142,0.24077481654872424
2020-03-01,2020,3,Buildings/Institutions,25774,481829,5.349200650023141
2020-03-01,2020,3,Cemetery,429,481829,0.08903573674477876
2020-03-01,2020,3,Community Park,90330,481829,18.747314918778237
2020-03-01,2020,3,Flagship Park,54811,481829,11.375612509832326
2020-03-01,2020,3,Garden,7221,481829,1.4986644639488285
2020-03-01,2020,3,Historic House Park,1499,481829,0.31110622233198915
2020-03-01,2020,3,Jointly Operated Playground,56229,481829,11.669907788862854
2020-03-01,2020,3,Lot,211,481829,0.043791469587758314
2020-03-01,2020,3,Nature Area,16400,481829,3.4036971622712624
2020-03-01,2020,3,Neighborhood Park,96058,481829,19.936118415454445
2020-03-01,2020,3,Parkway,3628,481829,0.7529642258975695
2020-03-01,2020,3,Playground,67910,481829,14.094211846941551
2020-03-01,2020,3,Recreation Field/Courts,21043,481829,4.36731703571184
2020-03-01,2020,3,School Yard to Playground,1516,481829,0.31463444500019716
2020-03-01,2020,3,Strip,489,481829,0.10148828733845411
2020-03-01,2020,3,Triangle/Plaza,31945,481829,6.629945478582651
2020-03-01,2020,3,Undeveloped,4595,481829,0.9536578329656372
2020-03-01,2020,3,Waterfront Facility,1741,481829,0.3613315097264797
2020-04-01,2020,4,Buildings/Institutions,9252,182046,5.082231963349923
2020-04-01,2020,4,Cemetery,159,182046,0.08734056227546884
2020-04-01,2020,4,Community Park,35153,182046,19.309954626852555
2020-04-01,2020,4,Flagship Park,23898,182046,13.127451303516693
2020-04-01,2020,4,Garden,3879,182046,2.1307801324939852
2020-04-01,2020,4,Historic House Park,761,182046,0.4180262131549169
2020-04-01,2020,4,Jointly Operated Playground,22646,182046,12.43971303956143
2020-04-01,2020,4,Lot,108,182046,0.059325664941827894
2020-04-01,2020,4,Nature Area,9010,182046,4.949298528943234
2020-04-01,2020,4,Neighborhood Park,32586,182046,17.899871461059295
2020-04-01,2020,4,Parkway,1356,182046,0.7448666820473946
2020-04-01,2020,4,Playground,21721,182046,11.931599705568923
2020-04-01,2020,4,Recreation Field/Courts,9925,182046,5.451918745811498
2020-04-01,2020,4,School Yard to Playground,509,182046,0.27959966162398514
2020-04-01,2020,4,Strip,192,182046,0.1054678487854718
2020-04-01,2020,4,Triangle/Plaza,7114,182046,3.9078035221867
2020-04-01,2020,4,Undeveloped,2448,182046,1.3447150720147656
2020-04-01,2020,4,Waterfront Facility,1329,182046,0.7300352658119377
2020-05-01,2020,5,Buildings/Institutions,5355,280546,1.9087778831279008
2020-05-01,2020,5,Cemetery,164,280546,0.05845743657011685
2020-05-01,2020,5,Community Park,60567,280546,21.588972931355286
2020-05-01,2020,5,Flagship Park,50199,280546,17.893322307215215
2020-05-01,2020,5,Garden,5040,280546,1.7964968311792007
2020-05-01,2020,5,Historic House Park,1124,280546,0.40064730917567887
2020-05-01,2020,5,Jointly Operated Playground,28010,280546,9.9841024288352
2020-05-01,2020,5,Lot,136,280546,0.048476898619121286
2020-05-01,2020,5,Nature Area,15321,280546,5.461136498114391
2020-05-01,2020,5,Neighborhood Park,49168,280546,17.5258246419482
2020-05-01,2020,5,Parkway,2009,280546,0.7161035979839313
2020-05-01,2020,5,Playground,28992,280546,10.334134152687973
2020-05-01,2020,5,Recreation Field/Courts,15954,280546,5.686767945363683
2020-05-01,2020,5,School Yard to Playground,777,280546,0.27695992814012677
2020-05-01,2020,5,Strip,414,280546,0.14756938256114863
2020-05-01,2020,5,Triangle/Plaza,9700,280546,3.457543504452033
2020-05-01,2020,5,Undeveloped,4158,280546,1.4821098857228403
2020-05-01,2020,5,Waterfront Facility,3458,280546,1.2325964369479514
2020-06-01,2020,6,Buildings/Institutions,5818,351804,1.6537617537037668
2020-06-01,2020,6,Cemetery,160,351804,0.04547986947277461
2020-06-01,2020,6,Community Park,72668,351804,20.65581971779741
2020-06-01,2020,6,Flagship Park,57534,351804,16.35399256404134
2020-06-01,2020,6,Garden,5381,351804,1.5295448602062511
2020-06-01,2020,6,Historic House Park,1523,351804,0.43291150754397334
2020-06-01,2020,6,Jointly Operated Playground,34865,351804,9.910347807301793
2020-06-01,2020,6,Lot,181,351804,0.05144910234107629
2020-06-01,2020,6,Nature Area,18607,351804,5.289024570499483
2020-06-01,2020,6,Neighborhood Park,65457,351804,18.6060988504963
2020-06-01,2020,6,Parkway,2879,351804,0.8183534013257382
2020-06-01,2020,6,Playground,40092,351804,11.396118293140498
2020-06-01,2020,6,Recreation Field/Courts,19015,351804,5.404998237655058
2020-06-01,2020,6,School Yard to Playground,972,351804,0.2762902070471058
2020-06-01,2020,6,Strip,505,351804,0.14354583802344487
2020-06-01,2020,6,Triangle/Plaza,12860,351804,3.6554445088742593
2020-06-01,2020,6,Undeveloped,5038,351804,1.4320473900239907
2020-06-01,2020,6,Waterfront Facility,8249,351804,2.344771520505736
2020-07-01,2020,7,Buildings/Institutions,5897,387070,1.52349704187873
2020-07-01,2020,7,Cemetery,188,387070,0.04857002609347146
2020-07-01,2020,7,Community Park,78303,387070,20.22967421913349
2020-07-01,2020,7,Flagship Park,57985,387070,14.980494484201824
2020-07-01,2020,7,Garden,5130,387070,1.3253416694654714
2020-07-01,2020,7,Historic House Park,1532,387070,0.3957940424212675
2020-07-01,2020,7,Jointly Operated Playground,35862,387070,9.264990828532307
2020-07-01,2020,7,Lot,89,387070,0.02299325703361149
2020-07-01,2020,7,Nature Area,33305,387070,8.60438680342057
2020-07-01,2020,7,Neighborhood Park,64644,387070,16.700855142480687
2020-07-01,2020,7,Parkway,6018,387070,1.5547575373963367
2020-07-01,2020,7,Playground,51507,387070,13.306895393598056
2020-07-01,2020,7,Recreation Field/Courts,19889,387070,5.138347069005606
2020-07-01,2020,7,School Yard to Playground,510,387070,0.13175911333867257
2020-07-01,2020,7,Strip,429,387070,0.11083266592605988
2020-07-01,2020,7,Triangle/Plaza,14035,387070,3.6259591288397446
2020-07-01,2020,7,Undeveloped,2012,387070,0.5198026196811946
2020-07-01,2020,7,Waterfront Facility,9735,387070,2.515048957552897
2020-08-01,2020,8,Buildings/Institutions,5960,394570,1.5105051068251516
2020-08-01,2020,8,Cemetery,136,394570,0.034467901766479965
2020-08-01,2020,8,Community Park,84721,394570,21.47172871733786
2020-08-01,2020,8,Flagship Park,59219,394570,15.008490255214538
2020-08-01,2020,8,Garden,5310,394570,1.3457688116177104
2020-08-01,2020,8,Historic House Park,1655,394570,0.41944395164356135
2020-08-01,2020,8,Jointly Operated Playground,40488,394570,10.261297108244417
2020-08-01,2020,8,Lot,64,394570,0.016220189066578808
2020-08-01,2020,8,Nature Area,26514,394570,6.719720201738602
2020-08-01,2020,8,Neighborhood Park,71002,394570,17.994779126644193
2020-08-01,2020,8,Parkway,6892,394570,1.7467116101072055
2020-08-01,2020,8,Playground,52537,394570,13.315001140482044
2020-08-01,2020,8,Recreation Field/Courts,11916,394570,3.019996451833642
2020-08-01,2020,8,School Yard to Playground,584,394570,0.14800922523253163
2020-08-01,2020,8,Strip,433,394570,0.10973971665357224
2020-08-01,2020,8,Triangle/Plaza,17582,394570,4.455990065134197
2020-08-01,2020,8,Undeveloped,2175,394570,0.5512329878095141
2020-08-01,2020,8,Waterfront Facility,7382,394570,1.8708974326481993
2020-09-01,2020,9,Buildings/Institutions,6854,404687,1.6936546021987364
2020-09-01,2020,9,Cemetery,166,404687,0.04101935569959005
2020-09-01,2020,9,Community Park,74664,404687,18.449814300928864
2020-09-01,2020,9,Flagship Park,68070,404687,16.820406882355993
2020-09-01,2020,9,Garden,5447,404687,1.3459784969618496
2020-09-01,2020,9,Historic House Park,1956,404687,0.4833365045084225
2020-09-01,2020,9,Jointly Operated Playground,42761,404687,10.566437765482954
2020-09-01,2020,9,Lot,75,404687,0.018532841430537676
2020-09-01,2020,9,Nature Area,22408,404687,5.537118810339843
2020-09-01,2020,9,Neighborhood Park,89568,404687,22.132660550005312
2020-09-01,2020,9,Parkway,6677,404687,1.6499170964226675
2020-09-01,2020,9,Playground,43161,404687,10.665279586445822
2020-09-01,2020,9,Recreation Field/Courts,17123,404687,4.231171250867955
2020-09-01,2020,9,School Yard to Playground,553,404687,0.13664881748116445
2020-09-01,2020,9,Strip,379,404687,0.09365262536231704
2020-09-01,2020,9,Triangle/Plaza,17072,404687,4.218568918695189
2020-09-01,2020,9,Undeveloped,2030,404687,0.501622241386553
2020-09-01,2020,9,Waterfront Facility,5723,404687,1.4141793534262281
2020-10-01,2020,10,Buildings/Institutions,11165,364961,3.059230986324566
2020-10-01,2020,10,Cemetery,264,364961,0.07233649622836412
2020-10-01,2020,10,Community Park,65750,364961,18.01562358717781
2020-10-01,2020,10,Flagship Park,45333,364961,12.421327210304662
2020-10-01,2020,10,Garden,5412,364961,1.4828981726814647
2020-10-01,2020,10,Historic House Park,2005,364961,0.5493737687040533
2020-10-01,2020,10,Jointly Operated Playground,41113,364961,11.265039278169448
2020-10-01,2020,10,Lot,59,364961,0.01616611089952077
2020-10-01,2020,10,Nature Area,23165,364961,6.347253542159299
2020-10-01,2020,10,Neighborhood Park,73141,364961,20.040771479692353
2020-10-01,2020,10,Parkway,5882,364961,1.6116790561183247
2020-10-01,2020,10,Playground,48270,364961,13.226070730845214
2020-10-01,2020,10,Recreation Field/Courts,17824,364961,4.8838095029331905
2020-10-01,2020,10,School Yard to Playground,598,364961,0.16385312403243085
2020-10-01,2020,10,Strip,403,364961,0.11042275750011644
2020-10-01,2020,10,Triangle/Plaza,18456,364961,5.0569786908738195
2020-10-01,2020,10,Undeveloped,1957,364961,0.5362216784807144
2020-10-01,2020,10,Waterfront Facility,4164,364961,1.1409438268746523
2020-11-01,2020,11,Buildings/Institutions,5385,432353,1.2455100346244852
2020-11-01,2020,11,Cemetery,184,432353,0.04255781733907247
2020-11-01,2020,11,Community Park,54237,432353,12.544610538148227
2020-11-01,2020,11,Flagship Park,36022,432353,8.331617914065589
2020-11-01,2020,11,Garden,4451,432353,1.0294828531315847
2020-11-01,2020,11,Historic House Park,1387,432353,0.3208026774418126
2020-11-01,2020,11,Jointly Operated Playground,82111,432353,18.991657280046628
2020-11-01,2020,11,Lot,41,432353,0.009482991907075931
2020-11-01,2020,11,Nature Area,20691,432353,4.785672818275807
2020-11-01,2020,11,Neighborhood Park,121623,432353,28.130485968641366
2020-11-01,2020,11,Parkway,4570,432353,1.0570066589106586
2020-11-01,2020,11,Playground,62948,432353,14.559399379673554
2020-11-01,2020,11,Recreation Field/Courts,16517,432353,3.8202579836383697
2020-11-01,2020,11,School Yard to Playground,449,432353,0.10385032600675836
2020-11-01,2020,11,Strip,324,432353,0.07493876531445369
2020-11-01,2020,11,Triangle/Plaza,17348,432353,4.012462039120811
2020-11-01,2020,11,Undeveloped,1386,432353,0.32057138495627413
2020-11-01,2020,11,Waterfront Facility,2679,432353,0.6196325687574736
2020-12-01,2020,12,Buildings/Institutions,4878,506741,0.9626219311245785
2020-12-01,2020,12,Cemetery,166,506741,0.0327583518996884
2020-12-01,2020,12,Community Park,70804,506741,13.972423782563478
2020-12-01,2020,12,Flagship Park,41535,506741,8.196494856346733
2020-12-01,2020,12,Garden,4158,506741,0.8205375132464119
2020-12-01,2020,12,Historic House Park,1109,506741,0.21884947142623157
2020-12-01,2020,12,Jointly Operated Playground,74612,506741,14.72389248156356
2020-12-01,2020,12,Lot,48,506741,0.009472294525211103
2020-12-01,2020,12,Nature Area,19506,506741,3.8493036876826627
2020-12-01,2020,12,Neighborhood Park,131313,506741,25.913237728938455
2020-12-01,2020,12,Parkway,4624,506741,0.9124977059286696
2020-12-01,2020,12,Playground,127264,506741,25.11421021784304
2020-12-01,2020,12,Recreation Field/Courts,13259,506741,2.616524023120292
2020-12-01,2020,12,School Yard to Playground,424,506741,0.08367193497269809
2020-12-01,2020,12,Strip,334,506741,0.06591138273792727
2020-12-01,2020,12,Triangle/Plaza,9727,506741,1.9195210176401751
2020-12-01,2020,12,Undeveloped,1381,506741,0.27252580706909446
2020-12-01,2020,12,Waterfront Facility,1599,506741,0.3155458113710949
